login,is_bot,reasons
0x0ACB,no,
0x53A,no,
0xafbf,no,
0xcafeb33f,no,
100gold,no,
20kdc,no,
2frac,no,
2shady4u,no,
31,no,
3DartBlade,no,
4d49,no,
6nodder6,no,
777joe,no,
A-Machynak,no,
ANamelessGhoul,no,
AR-DEV-1,no,
ARAKHN1D,no,
ARtsiomachka,no,
ASamBlur,no,
AThousandShips,no,
AayushSarikhada,no,
AbhijitL,no,
AdeptusForge,no,
AdriaandeJongh,no,
AdrienUfferte,no,
AeioMuch,no,
Aeonitis,no,
Afreedman77,no,
AidanCooper2003,no,
Aioshiro,no,
Airyzz,no,
Akeal,no,
Akshajk3,no,
AleksLitynski,no,
Alesinx,no,
Alex-Onceanu,no,
Alex2782,no,
AlexKhadjitov,no,
AlexOtsuka,no,
Alexofp,no,
Alikae,no,
Altarick,no,
AndrewB330,no,
AndrewShobbrook,no,
Andrewyuan34,no,
AndreyCortez,no,
Ansraer,no,
ArchercatNEO,no,
ArchieVillain,no,
Ardagecimli0,no,
AriaTheCurseling,no,
ArjhanToteck,no,
Armynator,no,
Arnklit,no,
Aryombre,no,
Asaduji,no,
AshWolf,no,
AshbyGeek,no,
Astral-Sheep,no,
AtlaStar,no,
AturAseman,no,
AxelStrem,no,
Aziroshin,no,
B-Zhen,no,
BadMachine,no,
Barkerprooks,no,
BastiaanOlij,no,
BattyBovine,no,
BenBlueeeee,no,
BenLubar,no,
Benjamin-Dobell,no,
Bitlytic,no,
Black-Cat,no,
BlackShift,no,
BlueCube3310,no,
BokoYoss,no,
Bonkahe,no,
Bossdell113,no,
Brakatuta,no,
Brawmario,no,
Break-Ben,no,
BrianBHuynh,no,
Brogolem35,no,
Bromeon,no,
BrotherShort,no,
BuzzLord,no,
C0mputery,no,
CSLRDoesntGameDev,no,
CW-Jesse,no,
CabalCrow,no,
CadenXc,no,
CalebMostyn,no,
Calinou,no,
Carbonyte,no,
Carsonthemonkey,no,
CedNaru,no,
Changryy,no,
Chaosed0,no,
Chaosus,no,
Cheeseness,no,
Chenyang341,no,
CherrySodaPop,no,
ChildLearningClub,no,
ChrisBase,no,
Chubercik,no,
Clancey,no,
Clark-E,no,
Cliear,no,
ColinSORourke,no,
ComradeNapCali,no,
CookieBadger,no,
Cordells,no,
CoreTaxxe,no,
CrabNickolson,no,
CrayolaEater,no,
CrazyRoka,no,
Cre8or,no,
CreatedBySeb,no,
CreationsOfANoob,no,
CreepGin,no,
Cretezy,no,
Cthuflu,no,
Cwazywierdo,no,
CyberVenlor,no,
CycloneRing,no,
Cykyrios,no,
CypherDoesStuff,no,
D0V4HKIIN,no,
DCTewi,no,
DDarby-Lewis,no,
DFelipehDEV,no,
DJLink,no,
DS204ever,no,
Dadaskis,no,
DallasHuff,no,
DanielKinsman,no,
DanielSnd,no,
DarioSamo,no,
Dark-Horizons,no,
DarkKilauea,no,
DarkMessiah,no,
DarkiStar,no,
DarkyMago,no,
DaughterOfZaun,no,
Daylily-Zeleen,no,
DeeJayLSP,no,
DeerLuuu,no,
Delsin-Yu,no,
Deltt,no,
DemonKingSwarn,no,
DeptmerAshley,no,
DevPoodle,no,
DevilboxGames,no,
DexterFstone,no,
DinkeyKing,no,
DirtyDoggo,no,
Dominrog,no,
Dowsley,no,
Dr-helicopter,no,
DrRevert,no,
DuartePonce,no,
DubiousDuck,no,
Ducklett,no,
Dynamic-Pistol,no,
EAinsley,no,
EGAMatsu,no,
EIREXE,no,
Ebbo,no,
Eddy-Rogers,no,
EdwardChanCH,no,
Elip100,no,
EmrysMyrddin,no,
EndGameGl,no,
EnlightenedOne,no,
Enrique726,no,
Eole211,no,
Erhannis,no,
EricEzaM,no,
Esual,no,
Ewall198,no,
ExEago,no,
F3der1co,no,
FFF27,no,
FJRODDUR,no,
FONHOME,no,
Fahien,no,
Faless,no,
Faolan-Rad,no,
FemboyValve,no,
FeniXb3,no,
Fgico,no,
FifthTundraG,no,
FilipeAlexCosta,no,
FireCatMagic,no,
Flarkk,no,
FlooferLand,no,
FloofyPeachy,no,
Fluxx7,no,
Flynsarmy,no,
FoggyFella,no,
FourTimeStudio,no,
Fristender,no,
FromAriel,no,
Frozenfire92,no,
GabCoolDude,no,
GabrieleC07,no,
Gabrijel-Cobanov,no,
Gaktan,no,
Garetonchick,no,
Geekotron,no,
Geometror,no,
Giganzo,no,
GlitchedCode922,no,
Grandro,no,
GreenCrowDev,no,
Gromph,no,
Grublady,no,
GuacamoleAficionado,no,
GuilhermeGSousa,no,
Gurka2,no,
GustJc,no,
HH45137,no,
HKunogi,no,
Haha64142,no,
Hakunamawatta,no,
HanzCEO,no,
HauntedBees,no,
Haydoggo,no,
HeCorr,no,
HighCWu,no,
Hiiamwilliam,no,
Hilderin,no,
HolonProduction,no,
Hot-key,no,
Hunam6,no,
HuntJSparra,no,
HydrogenC,no,
Hysterelius,no,
Iceball457,no,
IceflowRE,no,
Illauriel,no,
InclementDab,no,
InfoDevkota,no,
IphStich,no,
Ir1ana,no,
IsaacMarovitz,no,
ItisCaleb,no,
Ivorforce,no,
J-Ponzo,no,
Jabberdrake,no,
JackErb,no,
Jan200101,no,
JanPschwietzer,no,
Janonas,no,
JaredGivens,no,
JekSun97,no,
JelmerBerghs,no,
Jesusemora,no,
JiepengTan,no,
JimmyCushnie,no,
JoNax97,no,
JoelBesada,no,
Joey-Einerhand,no,
JohnnyThunder2,no,
Jojo-1000,no,
JonqsGames,no,
Joonnas,no,
Jordyfel,no,
Joseph-DiGiovanni,no,
Joy-less,no,
Juicimated,no,
JulianHeuser,no,
JustDooooIt,no,
JustinBraben,no,
KDouble48,no,
KWANCHAI1983,no,
Kaleb-Reid,no,
KarlReiter16,no,
Kazox61,no,
Kazuo256,no,
KerekesDavid,no,
KeyboardDanni,no,
Khusheete,no,
Kimau,no,
KingTheFifth,no,
KirbyRider1337,no,
Known-NetCode,no,
KoBeWi,no,
Koltonix,no,
Koyper,no,
KumaStar,no,
Kv-Lam,no,
L2750558108,no,
L4Vo5,no,
LRJiao,no,
LainAmongYou,no,
LaneSBarnes,no,
LanzaSchneider,no,
Lateasusual,no,
Lazy-Rabbit-2001,no,
Lcbx,no,
Leftyluupy,no,
Lexyth,no,
LezLiz,no,
Lielay9,no,
LiveTrower,no,
LizzyTB,no,
Loff3,no,
Logharaa,no,
LordDeatHunter,no,
Lucas-Code27,no,
LunaCapra,no,
LunaticInAHat,no,
LurkerAbove,no,
MBCX,no,
MJacred,no,
MP430,no,
MTareqAzim,no,
MYTNB,no,
Macksaur,no,
MagnificentJake,no,
MajorMcDoom,no,
Manik2607,no,
Maran23,no,
MarcusAahl,no,
MarcusPaulsson,no,
Marenz,no,
MarianoGnu,no,
MarkMurata,no,
MartinDelille,no,
MartinMajewski,no,
MathdudeMan,no,
MatiasT-dev,no,
MauriceButler,no,
MaxIsJoe,no,
MaximOsipenko,no,
Meorge,no,
Meowcat285,no,
MewPurPur,no,
MichaelMacha,no,
Michakrom,no,
Mickeon,no,
MikEyeist,no,
MileyHollenberg,no,
Mingxi-Z,no,
MisakaRinOwO,no,
Miziziziz,no,
Monochrome-debug,no,
Monstrofil,no,
Mostafa808,no,
MoutonDemocrate,no,
MrBlockers,no,
MrCook284,no,
MrHPotter,no,
MrJustreborn,no,
Muller-Castro,no,
MurderWho,no,
Murrent,no,
NNate1,no,
Na-r,no,
Nallebeorn,no,
Namey5,no,
Naputt1,no,
Naros,no,
NasheethAhmedA,no,
Natehhggh,no,
NathanLovato,no,
Nazarwadim,no,
NessaTeal,no,
NetroScript,no,
Neutrino-Sunset,no,
Nick-njh,no,
Nikitf777,no,
Ninjaboi8175,no,
Nintorch,no,
Nodragem,no,
NogginBops,no,
Nohac,no,
Nolkaloid,no,
Norrox,no,
Notgoyome,no,
Nova840,no,
OS-of-S,no,
ObaniGemini,no,
OhiraKyou,no,
OliveIsAWord,no,
Olle-Lukowski,no,
OmarQurashi868,no,
Onlinerocker,no,
OoJJBoO,no,
OsakiTsukiko,no,
OzelotVanilla,no,
P5ina,no,
PGijsbers,no,
PJ-568,no,
Paeniche,no,
Peelep,no,
PhairZ,no,
PiCode9560,no,
PickledCow,no,
PierceLBrooks,no,
Pixeluted,no,
PizzaLovers007,no,
Pookiemon-sudo,no,
PopClom,no,
Portponky,no,
Proggle,no,
ProgrammerOnCoffee,no,
PwaDesu,no,
QbieShay,no,
Quit975,no,
RGDTAB,no,
RLCcar,no,
RafKSC,no,
Raftatul,no,
RailKill,no,
Randehh,no,
RandomGamingDev,no,
RandomShaper,no,
Ratamacue9112,no,
Ratstail91,no,
RedMser,no,
RedworkDE,no,
Repiteo,no,
Rindbee,no,
Rinnegatamante,no,
RobProductions,no,
RobertBColton,no,
Roboticy3,no,
Rocka06,no,
RolandMarchand,no,
RossRothenstine,no,
RoyBerardo,no,
RubenGarcia,no,
RubisetCie,no,
Rubonnek,no,
Rudolph-B,no,
RudyFisher7,no,
Ruw-Van,no,
Ryan-000,no,
SK83RJOSH,no,
SSMMBB,no,
STVND,no,
SaNeOr,no,
Saalvage,no,
Sammyjroberts,no,
SanderVanhove,no,
SaracenOne,no,
SatLess,no,
Sauermann,no,
Saulo-de-Souza,no,
Sauroniux,no,
Saver310,no,
Scarface1809,no,
Sch1nken,no,
SchultzenDK,no,
Scony,no,
ScrappieG,no,
Scrawach,no,
SeremTitus,no,
Shaderd00d,no,
ShadowCow13,no,
Shadows-of-Fire,no,
ShawkMusic,no,
SheepYhangCN,no,
Silver1063,no,
SirQuartz,no,
SlashScreen,no,
SleeeepyZhou,no,
SlugFiller,no,
SlyZ1,no,
SmallConfusion,no,
SmiterG,no,
SnapTST,no,
Snowdaw,no,
SomeRanDev,no,
SourceOfHTML,no,
Spartan322,no,
Splizard,no,
SpockBauru,no,
Squamto,no,
StamLord,no,
StarryWorm,no,
StaydMcMuffin,no,
StefanCristian,no,
SteffenBlake,no,
Sticksman,no,
SubmergedTree,no,
Summersay415,no,
SunChenWei,no,
SupSuper,no,
Susmaster64,no,
SwordofMorning,no,
Syntaxxor,no,
Synzorasize,no,
TCROC,no,
TEXflip,no,
TML233,no,
TTHHR,no,
TV4Fun,no,
Talkashie,no,
Tcarr20,no,
TelePete,no,
Tentabrobpy,no,
Teschnique,no,
ThatNerdNxtDoor,no,
The-Cyber-Captain,no,
TheAenema,no,
TheBlipBloop,no,
TheBlueOompaLoompa,no,
TheMagnat,no,
TheShed412,no,
TheSofox,no,
TheYellowArchitect,no,
TheoLomeuBraga,no,
Theome,no,
Thought-Weaver,no,
Tiktalik,no,
TimCoraxAudio,no,
TitanNano,no,
TokageItLab,no,
Tomas-Domas,no,
TopherBriggs,no,
TrueJole,no,
TsFreddie,no,
Turnass,no,
TypeOverride3,no,
UPFORR1,no,
Ughuuu,no,
Unbansheee,no,
UnfavorableEnhancer,no,
Uumutunal,no,
VicooDi,no,
VintageGameBoy,no,
VlkrS,no,
Vocco,no,
VojtaStruhar,no,
Vulwsztyn,no,
WSQS,no,
WagnerGFX,no,
WayneKim92,no,
WebLDix,no,
WesleyClements,no,
WhalesState,no,
Wierdox,no,
WikingerOlaf,no,
WillR27,no,
WindyDarian,no,
WinnerWind,no,
Wiskyt,no,
WizardOhio24,no,
WolfEYc,no,
WolfgangSenff,no,
Xiexe,no,
Xmoncoco,no,
Xseuguh,no,
XxDavid123xX,no,
YYF233333,no,
Yanxiyimengya,no,
Yarwin,no,
YeldhamDev,no,
Yelloween10,no,
Yobbolita,no,
Z0rb14n,no,
ZIWaters,no,
Zaid-mohamed,no,
ZeEndy,no,
ZenPyro,no,
ZhiyiHu93,no,
ZoZoHatch,no,
Zshandi,no,
Zylann,no,
a-johnston,no,
aXu-AP,no,
aaronellington,no,
aaronfranke,no,
aaronjyoder,no,
aaronp64,no,
abrusle,no,
acuvue1102,no,
adamhannafy,no,
adamscott,no,
adamwych,no,
adriano-sudario,no,
ajreckof,no,
akien-mga,no,
akx,no,
alavacek,no,
alecmeyer,no,
alesliehughes,no,
alessand10,no,
alexkar598,no,
allenwp,no,
alliephante,no,
almic,no,
aman-batra-dev,no,
amarsero,no,
amdevgwen,no,
and-rad,no,
andOlga,no,
andrej-petrovic,no,
anj0la,no,
anknetau,no,
antizey,no,
anvilfolk,no,
appersoncory,no,
apples,no,
arangain,no,
archhabra,no,
arkology,no,
arlez80,no,
arthurlw,no,
aryan-11825114,no,
atlasapplications,no,
atsed,no,
avnotaklu,no,
awildergoose,no,
awsker,no,
axewizardbgg,no,
axunes,no,
ayushrm,no,
bac0id,no,
badsectoracula,no,
banseissouf216-alt,no,
basicer,no,
bazsupport,no,
bbb651,no,
bdogabriel,no,
bearlikelion,no,
beaverxsheet,no,
beicause,no,
belzecue,no,
benjiwolff,no,
berarma,no,
beru,no,
betalars,no,
bfloch,no,
bgie,no,
bherdm,no,
bits-by-brandon,no,
bitwise-aiden,no,
biwerg,no,
bjornmp,no,
bkmeneguello,no,
bkniffler,no,
bleikerja,no,
bluejay-sh,no,
bmolyneaux,no,
bnjmntmm,no,
bogaev,no,
brandon515,no,
brennennen,no,
brevven,no,
brianrodri,no,
bruno-brant,no,
bruvzg,no,
brycehutchings,no,
bs-mwoerner,no,
btgs-0,no,
buresu,no,
cadence-s,no,
cadennabors,no,
caimantilla,no,
caioraphael1,no,
caleb98,no,
carsonetb,no,
celyk,no,
cfare,no,
chance-nb,no,
charjr,no,
charlieduzstuf,no,
chasetripleseven,no,
cherrythecool,no,
chewiegoron,no,
chocola-mint,no,
chsoen,no,
cier,no,
citizenll,no,
cixil,no,
ckaiser,no,
clayjohn,no,
cluttered-code,no,
codec-xyz,no,
codevogel,no,
coffeebeats,no,
colinator27,no,
conspiracy0,no,
corngood,no,
cosparks,no,
crei0,no,
cridenour,no,
crlimacastro,no,
cruglet,no,
ctrlaltmilk,no,
d6e,no,
dagarsar,no,
dalexeev,no,
danbolt,no,
danderson,no,
daniel-szarkowicz,no,
daniel080400,no,
darkclif,no,
darksylinc,no,
dasasdhba,no,
davthedev,no,
dawdle-deer,no,
dbnicholson,no,
decaday,no,
dekaravanhoc,no,
dementive,no,
demolke,no,
dennmar,no,
deralmas,no,
detomon,no,
dettus,no,
deviousdaemon,no,
devloglogan,no,
dillona,no,
dinkoa,no,
djdanlib,no,
dmgsoftware,no,
dmlary,no,
dog-on-moon,no,
dogboydog,no,
douglaslassance,no,
dragonhunt02,no,
drakeerv,no,
dreamsyntax,no,
dsmtE,no,
dsnopek,no,
ducklin5,no,
dugramen,no,
dustdfg,no,
ebeem,no,
ecosky,no,
edg3,no,
edwin0cheng,no,
eigenviolet,no,
eimfach,no,
elementbound,no,
elenakrittik,no,
elpozewaunig,no,
elzewyr,no,
emanvidmaker,no,
ericzhihuang,no,
erobinson-1997,no,
erodozer,no,
esainane,no,
etherealxx,no,
etodd,no,
ettiSurreal,no,
ev13bird,no,
eviltrout,no,
evinism,no,
eyalzus12,no,
fLindahl,no,
fins-gd,no,
fire,no,
fitzgibe,no,
fkeyzuwu,no,
frop-qart,no,
fstxz,no,
funkysandwich,no,
fuzzybinary,no,
fwsGonzo,no,
garettbass,no,
gelvinp,no,
geowarin,no,
ggkkaa,no,
ghost,no,
gilzoide,no,
gio3k,no,
girdenis-p,no,
gmikhail,no,
goatchurchprime,no,
gofastlily,no,
gongpha,no,
gr8alpaca,no,
granitrocky,no,
greeble-dev,no,
groud,no,
grySal,no,
gtibo,no,
h1v9,no,
hakro,no,
hankster112,no,
harrisyu,no,
havi05,no,
hayahane,no,
hayesbp1,no,
heppocogne,no,
hexog,no,
heyitszackb,no,
hhhapz,no,
hidemat,no,
hiugiak,no,
hortopan,no,
hpvb,no,
hunterloftis,no,
huwpascoe,no,
hworld,no,
hypotensor,no,
ialex32x,no,
ibrahn,no,
idbrii,no,
idkwhattoput-code,no,
iiMidknightii,no,
illlustr,no,
io-mi,no,
isaaccp,no,
iscke,no,
isrichards6,no,
itsnikkialr,no,
ivanskorikov,no,
izarii-dev,no,
j20001970,no,
jacobdoran,no,
jadeharley2,no,
jadoc,no,
jaishi17,no,
jamesminardi,no,
jamesmintram,no,
jamie-pate,no,
janavarro95,no,
jasonmorgado,no,
jasonweiler,no,
jaydensipe,no,
jburt137,no,
jcarnaxide,no,
jcostello,no,
jcronenberg,no,
jdavasligil,no,
jeffbdavenport,no,
jellowyellow,no,
jeremb-qcom,no,
jeronimo-schreyer,no,
jhaleit,no,
jinyangcruise,no,
jitspoe,no,
jjszaniszlo,no,
jkirsteins,no,
jman168,no,
joaopedroxavier,no,
joelriendeau,no,
johannesgottschalk,no,
john-breton,no,
johnsonlei1,no,
jon1solution,no,
jorgekorgut,no,
jroprohehe,no,
jrouwe,no,
jsjtxietian,no,
jss2a98aj,no,
jtcat,no,
juanjp600,no,
justofisker,no,
jweisberg,no,
jz009,no,
k1r4n8,no,
kairosci,no,
kdada,no,
keestak,no,
kennet53,no,
kevinlam508,no,
keyzeuh,no,
khairul169,no,
khushichitalia,no,
kilian-diener,no,
kilian-hu,no,
killerdevildog,no,
kiroxas,no,
kisg,no,
kistz,no,
kitbdev,no,
kj-art-dev,no,
kleonc,no,
knn217,no,
kojurohan42,no,
koolaidxk1d,no,
krishnabm,no,
krm01,no,
kroketio,no,
kthang55,no,
ktxyz,no,
kuruk-mm,no,
kus04e4ek,no,
kushagra10025,no,
l3dotdev,no,
lackhand,no,
lad1337,no,
lalitshankarch,no,
lander-vr,no,
larspet,no,
laspencer91,no,
lavishbehemoth,no,
lawnjelly,no,
lazarosY,no,
lazydevl0per,no,
leandro-benedet-garcia,no,
leon196,no,
lilac-galaxy,no,
lilcfar,no,
limbonaut,no,
limuy2022,no,
linusPersonalGit,no,
lodetrick,no,
loganapple,no,
louis-prudhomme,no,
lrahmann,no,
lucasnlm,no,
luedos,no,
luiz734,no,
luksteph,no,
lumiscosity,no,
lyuma,no,
m-pranav-r,no,
m4gr3d,no,
m4rr5,no,
macedocodigo,no,
machinescreen,no,
magian1127,no,
maidopi-usagi,no,
manchere,no,
marcelovbcfilho,no,
marcgpuig,no,
marcinn,no,
marcosc90,no,
marcozee03,no,
markdchurchill,no,
markdibarry,no,
markeel,no,
martinhundrup,no,
mashumafi,no,
maskamillion,no,
mason1920,no,
masuhajime,no,
mateuseap,no,
matheusmdx,no,
matmas,no,
matorin57,no,
matthewestopinal,no,
maunvz,no,
max99x,no,
maxpiepenbrink,no,
mayoff,no,
mbucchia,no,
mcdubhghlas,no,
mchlopecki,no,
mcjill,no,
mdelorme,no,
mechPenSketch,no,
mechalynx,no,
medenzo,no,
mestarz,no,
metakunt,no,
metal3d,no,
metamuffin,no,
mh114,no,
mhilbrunner,no,
michelleboisvert,no,
mieko,no,
migboy1,no,
migueldeicaza,no,
mihe,no,
mikest,no,
mircohoehne,no,
mishjude,no,
miss-programgamer,no,
miv391,no,
mlm-games,no,
mnemoli,no,
mobile-bungalow,no,
moluopro,no,
monxa,no,
mooflu,no,
mortifiedtux,no,
mphe,no,
mpsalisbury,no,
mrdelicate,no,
mrjustaguy,no,
mrsaturnsan,no,
mthaddon,no,
myblindy,no,
nathanfranke,no,
nathanhoad,no,
nattyrice,no,
nbaum,no,
nbredikhin,no,
ndren,no,
neonmoe,no,
nfreya,no,
niYaDevelop,no,
nico-tome,no,
nielsvaes,no,
nikitalita,no,
nklbdev,no,
no-arr,no,
nobbele,no,
nocommentsgood,no,
noidexe,no,
nongvantinh,no,
nourhelmi,no,
ntlblpm,no,
nubels,no,
nukethebees,no,
ogapo,no,
olanti-p,no,
old-rob,no,
onesuchkeeper,no,
orange-anvil-games,no,
orlambda,no,
ottok,no,
ottworks,no,
oxeron,no,
paczek654321,no,
paddy-exe,no,
pafuent,no,
pandinocoder,no,
panreyes,no,
paperjack93,no,
passivestar,no,
patwork,no,
paul-marechal,no,
paulloz,no,
pcvonz,no,
penninghlhd,no,
peterdang1502,no,
pewcworrell,no,
pfagurel,no,
pgrit,no,
picoxr,no,
pietrolupis,no,
piiertho,no,
piotrtrkostrzewski94,no,
pippenpaddleopsicopolis,no,
pirey0,no,
pkowal1982,no,
pminiszewski,no,
pohy,no,
precup,no,
preslavnpetrov,no,
priahoud,no,
priyansh0219,no,
programaths,no,
protam12,no,
purefunctor,no,
pyoneerC,no,
quadrimus,no,
qwertychomp,no,
r3square,no,
radiantgurl,no,
ramokz,no,
rapust,no,
rarysson,no,
raulsntos,no,
rbaker87,no,
rburing,no,
rbwldrf,no,
reach-satori,no,
rebca-online,no,
reduz,no,
remtrik,no,
retrotails,no,
revaraver,no,
rikaphys,no,
ritoban23,no,
robin88chen,no,
romgerman,no,
rosshadden,no,
rossunger,no,
rptfrg,no,
rsanchezsaez,no,
rsubtil,no,
rt9391,no,
ruffenman,no,
rune-scape,no,
runzh-crypto,no,
rxlecky,no,
ryanbraganza,no,
ryevdokimov,no,
s7r4ws,no,
sakubou,no,
salianifo,no,
samjudd,no,
samuelll3d,no,
scgm0,no,
schadocalex,no,
sebageek,no,
shadow-foss,no,
shahriarlabib000,no,
shana,no,
shiena,no,
shitake2333,no,
shoonee,no,
sievaxx,no,
simongoricar,no,
simpkins,no,
sirboz0,no,
skyace65,no,
smix8,no,
snorkel456,no,
snyk-bot,no,
sockeye-d,no,
solidpixel,no,
sondredl,no,
sorascode,no,
space-jellyfish,no,
speveril,no,
spoxii,no,
squidgyberries,no,
squk,no,
stdmnpkg,no,
stijn-h,no,
stuartcarnie,no,
suddjian,no,
suhankins,no,
sydist,no,
sylbeth,no,
syntaxerror247,no,
szunami,no,
tGautot,no,
tancop,no,
tarynlucia,no,
tavurth,no,
tdaven,no,
teatov,no,
tehKaiN,no,
terrehbyte,no,
tetrapod00,no,
the-bham,no,
the-loki,no,
theXYZT,no,
thederickff,no,
thedinosoar,no,
theraot,no,
thiagola92,no,
thimenesup,no,
thompsop1sou,no,
thygrrr,no,
timkrief,no,
timokoesters,no,
timoschwarzer,no,
timothyqiu,no,
tle-oops,no,
tom-schultz,no,
tomfull123,no,
tomsterBG,no,
torky,no,
touilleMan,no,
tracefree,no,
trashguy,no,
troybonneau,no,
tsarquis88,no,
ttencate,no,
tucono,no,
tvenclovas96,no,
twrightsman,no,
tygyh,no,
ueshita,no,
underdoeg,no,
uno1982,no,
unvermuthet,no,
urdaknows,no,
vPumpking,no,
vaeleborne,no,
van800,no,
vaner-org,no,
vbettaque,no,
vgezer,no,
vignesh-j-shetty,no,
vmbaillie,no,
vmedea,no,
vnen,no,
voidexp,no,
voidiii,no,
voylin,no,
wagnerfs,no,
wakeofluna,no,
wantg,no,
wareya,no,
warriormaster12,no,
westenral,no,
wezwery,no,
wheatear-dev,no,
williamchange,no,
willnationsdev,no,
winston-yallow,no,
wjt,no,
wlsnmrk,no,
wmigor,no,
wstumpfz,no,
wyvrtn,no,
xefensor,no,
xolarkodak,no,
xsellier,no,
xtremezero,no,
xuhuisheng,no,
yahkr,no,
yangyey,no,
yannlemos,no,
ydeltastar,no,
yeojunh,no,
yosoyfreeman,no,
yotam-frid,no,
youngminz,no,
yuantianle,no,
ywmaa,no,
zachseiss,no,
zaevi,no,
ze2j,no,
zedrun00,no,
zedzee37,no,
zenorbi,no,
zeux,no,
zhangjiangen11,no,
zhehangd,no,
zjin123,no,
zkip,no,
zlago,no,
zmn-hamid,no,
zodiepupper,no,
zorbathut,no,
ztc0611,no,
zynga-jpetersen,no,
